user_id,first_name,last_name,email,phone,cell_phone,login_username,login_password,dob_date,registered_date,gender_id,title_id,address_id
1,Aida,Salgado,aida.salgado@example.com,(641) 946 0972,(651) 125 1937,orangeladybug660,coolman,1975-04-15,2005-12-20,1,1,1
2,Aada,Hakola,aada.hakola@example.com,09-427-575,049-444-09-44,happypanda443,mobile,1976-06-10,2004-01-16,1,2,2
3,Eugenia,Santos,eugenia.santos@example.com,904-702-704,616-353-038,sadfrog493,wolfgang,1981-03-19,2009-08-25,1,1,3
4,Leo,Aro,leo.aro@example.com,06-212-567,046-535-82-36,redkoala585,noah,1945-12-16,2013-04-11,2,3,4
5,Javier,Martínez,javier.martinez@example.com,967-044-223,669-029-644,happygoose328,hellfire,1985-06-05,2011-11-19,2,3,5
6,Liva,Rasmussen,liva.rasmussen@example.com,83516342,00018386,orangeladybug868,custom,1946-02-09,2019-07-13,1,2,6
7,Olga,Marín,olga.marin@example.com,966-481-174,644-471-435,sadcat673,messiah,2000-03-22,2011-10-19,1,1,7
8,Diego,Duran,diego.duran@example.com,975-878-180,620-026-377,heavylion102,butterfly,1976-07-25,2019-11-29,2,3,8
9,Marion,Hunt,marion.hunt@example.com,017683 07272,07073 503117,happywolf866,anita,1988-09-17,2011-02-14,2,3,9
10,Camilo,Gutiérrez,camilo.gutierrez@example.com,(699) 873 9104,(693) 431 0544,whitepanda914,maxi,1956-08-05,2004-05-21,2,3,10
11,Anna,Andersen,anna.andersen@example.com,43004000,10835700,organicbutterfly611,azzer,1969-05-06,2007-07-20,1,1,11
12,Artemisiya,Mashkovskiy,artemisiya.mashkovskiy@example.com,(068) I10-7019,(068) C33-1745,organicfrog725,yankees,1983-01-21,2020-07-19,1,1,12
13,Kim,Perez,kim.perez@example.com,015395 81741,07881 257656,ticklishlion308,stone,1952-11-29,2002-04-08,1,4,13
14,تینا,کامروا,tyn.khmrw@example.com,094-00551587,0981-441-1533,lazykoala296,cooking,1994-01-19,2010-06-26,1,4,14
15,Anas,Hjelvik,anas.hjelvik@example.com,81834319,99822488,bigpeacock907,sebastian,1963-02-26,2008-11-03,2,3,15
16,Josep,Márquez,josep.marquez@example.com,985-144-514,658-799-789,happypeacock369,852456,2000-10-10,2006-04-20,2,3,16
17,Wiesje,Kokshoorn,wiesje.kokshoorn@example.com,(050) 1282332,(06) 66182081,silverwolf658,spock,1981-10-08,2005-09-02,1,2,17
18,آوینا,صدر,awyn.sdr@example.com,015-87226834,0959-356-5183,bigleopard500,xxxxx1,1982-09-30,2018-04-11,1,4,18
19,Leslie,Jacobs,leslie.jacobs@example.com,01-3152-7469,0491-988-384,brownzebra835,mississi,1965-04-16,2014-01-25,2,3,19
20,Begüm,Öztonga,begum.oztonga@example.com,(118)-446-4680,(117)-041-5892,lazywolf665,fernando,2001-04-16,2009-11-03,1,1,20
21,Borivoje,Anđelić,borivoje.andelic@example.com,019-9173-665,062-9081-576,angrycat109,goth,1986-03-04,2021-02-18,2,3,21
22,Blake,Ouellet,blake.ouellet@example.com,K47 S78-4439,S53 Z46-9996,orangeswan341,commande,1988-05-27,2008-10-09,2,3,22
23,Rodion,Tkach,rodion.tkach@example.com,(067) K12-6268,(066) L55-7920,goldendog594,daman,1969-09-18,2007-07-19,2,3,23
24,Darren,Terry,darren.terry@example.com,0111236 413 1174,07965 986168,reddog275,circus,1950-05-30,2013-04-25,2,3,24
25,Joshua,Vidal,joshua.vidal@example.com,03-89-89-40-79,06-24-99-21-70,organicleopard866,lesbians,1953-04-16,2008-06-20,2,3,25
26,Lea,Faure,lea.faure@example.com,078 178 98 84,075 517 85 42,angryzebra163,passme,1974-01-20,2018-04-24,1,5,26
27,Thomas,Lévesque,thomas.levesque@example.com,C65 N95-7551,X57 I94-5418,lazytiger925,jjjjj,1979-03-01,2014-11-03,2,3,27
28,Graciela,Díaz,graciela.diaz@example.com,(606) 526 3158,(637) 493 6390,happyleopard434,garcia,1978-11-18,2014-12-21,1,2,28
29,Carter,Lo,carter.lo@example.com,P72 M32-0514,F14 T21-9785,ticklishlion369,11223344,1965-11-04,2022-03-18,2,3,29
30,Per,Nærø,per.naero@example.com,35489242,92654672,purpledog183,having,1956-01-17,2003-01-12,2,3,30
31,Andres,Kilic,andres.kilic@example.com,0120-2603371,0178-2916980,tinyelephant177,briana,1994-08-29,2007-07-16,2,3,31
32,Emiliya,Sas,emiliya.sas@example.com,(066) D50-8894,(099) H35-8028,yellowsnake473,whisper,1988-09-07,2021-04-04,1,4,32
33,Ramya,Sheikh,ramya.sheikh@example.com,8837384032,9113729586,blackbird176,187187,1958-07-19,2002-09-16,1,2,33
34,Aada,Wiita,aada.wiita@example.com,05-909-290,048-772-76-42,orangekoala589,rusty,1959-08-06,2022-05-04,1,4,34
35,Roxane,Durand,roxane.durand@example.com,02-21-49-60-64,06-94-13-27-24,yellowmeercat433,pang,1990-09-28,2011-11-13,1,4,35
36,Shreedevi,Bhoja,shreedevi.bhoja@example.com,9614802525,7547015894,brownmeercat261,blond,1975-07-06,2005-04-06,1,1,36
37,Armand,Blanc,armand.blanc@example.com,03-23-37-99-71,06-56-81-98-36,lazybutterfly718,stoppedby,1992-07-03,2021-12-08,2,3,37
38,Priyanka,Fernandes,priyanka.fernandes@example.com,7260194245,8357749259,yellowkoala935,underdog,1971-12-29,2016-01-18,1,1,38
39,Pablo,Calvo,pablo.calvo@example.com,979-884-290,668-354-292,redmeercat181,fugazi,1994-10-03,2006-03-03,2,3,39
40,Andrew,Ross,andrew.ross@example.com,0191 479 9145,07370 562526,sadgoose202,qwertyuiop,1997-12-09,2007-07-01,2,3,40
41,Salvador,Moya,salvador.moya@example.com,920-626-149,688-235-579,tinycat779,paramedi,1950-06-20,2014-07-23,2,3,41
42,Paige,Harrison,paige.harrison@example.com,016973 82125,07107 188390,angrybird793,charles,1968-12-10,2010-12-27,1,2,42
43,Elio,Philippe,elio.philippe@example.com,077 866 79 15,079 471 21 48,bigleopard226,juliette,1959-03-03,2012-08-06,2,6,43
44,John,Tveit,john.tveit@example.com,76263765,48867992,lazysnake939,nudes,1993-02-21,2015-04-11,2,3,44
45,Nellie,Jahnsen,nellie.jahnsen@example.com,82781044,93892026,ticklishwolf314,condor,1985-09-13,2017-04-14,1,1,45
46,Lorenzo,Arnaud,lorenzo.arnaud@example.com,075 141 76 20,075 528 89 45,whiteelephant759,1115,1982-10-13,2014-10-25,2,6,46
47,Humberto,Moya,humberto.moya@example.com,(610) 263 5715,(699) 132 7943,beautifulpanda190,112358,1978-06-21,2016-04-01,2,3,47
48,Alexandre,Wong,alexandre.wong@example.com,G69 N59-9280,M81 T56-6920,smallladybug285,qwert123,1958-04-30,2007-03-18,2,3,48
49,Peniel,Farias,peniel.farias@example.com,(01) 1534-7970,(92) 7906-3233,angryleopard506,vegeta,1967-07-07,2013-02-18,2,3,49
50,Leah,Carpenter,leah.carpenter@example.com,061-160-1432,081-964-6832,greenpeacock458,toolman,1962-10-20,2013-07-09,1,1,50
